start_ns,duration_ns
3187186416,100292
3187322458,1678917
3189025500,244916
3189301625,41166
3189361208,79542
3189469041,61167
3189557375,43583
3189616208,36208
3189677916,50375
3189741500,572416
3190335416,275500
3212762375,428041
3233269000,524541
3240344000,279625
3262725083,365458
3273606708,412292
3282642958,262958
3291454125,441375
3293714875,484708
3303640583,229333
3310171708,653750
3315722375,335541
3335309250,111583
3340803208,178542
3346465791,266792
3365902875,140416
3371376375,219250
3376922166,345834
3396354458,143542
3406534208,212625
3411912375,394375
3435601333,240417
3441171291,306042
3446652208,466500
3466563333,103208
3472293708,254458
3477721250,288625
3497649041,119209
3502775666,316709
3508277166,250125
3527810875,139916
3533214333,211458
3538828208,289500
3558204916,139417
3568834708,298458
3574141708,324625
3597661083,148625
3603182750,278291
3608670125,230625
3742043625,107000
3742207250,830791
3743071208,248750
3743355500,67916
3743454791,13834
3743487125,100666
3743626666,57334
3743718083,44000
3743777000,28375
3743832458,50458
3743898791,708042
3744633458,300083
3757036291,625459
3760695208,462083
3763657583,141000
3763826166,360209
3771126375,533041
3780135750,298750
3789210958,415833
3790865250,526500
3800941541,45959
3808946333,51792
3812987291,26834
3835094041,157250
3841402375,258208
3845948208,280250
3867716291,88042
3874006625,310166
3878554625,273541
3900160000,86250
3915438041,290042
3917176250,402458
3918146791,66167
3926611708,351417
3943141458,461458
3950949583,175667
3957041500,281625
3961592916,401875
3983598750,36416
3989824166,62417
3994262708,41333
4016039541,140667
4022519541,240667
4026807125,292791
4049069625,109500
4055486541,348375
4059857958,346625
4081526833,93375
4096955583,330042
4098060166,466292
4099542458,72833
4108779125,205583
4125415333,351000
4132636791,88959
4138648875,345375
4143130833,346875
4164895208,36125
4171518083,50167
4175894375,39625
4197473000,150791
4208283208,154917
4230064041,113125
4236207375,508708
4240772125,94583
4262478750,257958
4277646958,135583
4278988541,374417
4280621625,98291
4289433833,200917
4306201541,84000
4313824666,289084
4319386708,149417
4323879000,193375
4350474583,94125
4364370375,99083
4370698500,127041
4375103833,204875
4401956375,36875
4415932791,37167
4422288375,42833
4426583416,30625
4453009166,205084
4467310333,120000
4473443166,425125
4478252333,168625
4504515208,76625
4518665333,122333
4524238750,73500
4533204583,377417
4534477208,111500
4535940708,78792
4544588208,115292
4561252291,235125
4574984041,105250
4588357000,95416
4593705458,104375
4598319583,214542
4625176083,88375
4638479333,115125
4644706375,127583
4649172583,253667
4676006083,35250
4690237958,36375
4696509000,50750
4701034208,39917
4727694666,132625
4741525250,67208
4747840291,225417
4752195708,141917
4778656208,109625
4792790041,139125
4798324750,84250
4807210250,433958
4808566791,118375
4810064166,159542
4818539625,83666
4835016041,296625
4849077791,129250
4862232750,139083
4867593375,118416
4872486041,274959
4899051916,113959
4913481875,204041
4919644833,131667
4924165333,243417
4950609291,55542
4964849083,42750
4971388208,56000
4976007583,36500
5002316291,136375
5016256625,74791
5022563416,246084
5026900000,188375
5053355708,141542
5067514833,178667
5072697958,91708
5081433375,434500
5082905750,120458
5084487291,119084
5093460083,102167
5109938208,293458
5123585583,113750
5136925500,165333
5142292458,113500
5146902833,284500
5173277916,105042
5187228125,149916
5193318208,138875
5197876958,294542
5224298666,40917
5238073791,39500
5244110000,83708
5248617583,29875
5274992291,170709
5289353916,91584
5295473291,232375
5299943583,338000
5326364333,41833
5340072041,603375
5345684583,129417
5403671625,42166
5403747333,265000
5404030166,11584
5404054750,269916
5404356875,232708
5404606708,323333
5404954833,381917
5409342375,1461708
5671182291,1138334
5682628916,872417
5683568458,668875
5684274625,301833
5684603541,516625
5685229166,642834
5685904416,360834
5686288791,312042
5686627958,293042
5686945041,278542
5687244250,351166
5687621833,348167
5687992208,381042
5688395041,465375
5688880875,510833
5689417041,550875
5689995208,561083
5690578958,419167
5691022375,416333
5691471375,573083
5692083375,645416
5692749125,420125
5693536333,491833
5694686458,246000
5696389250,277791
5698048458,327125
5698521958,314417
5698857708,216875
5699162500,276875
5699520541,35042
5700183250,356666
5700657000,86625
5704028458,35458
5704101291,137625
5704260166,12292
5704286583,237042
5704763250,196458
5704980583,203125
5705464583,232083
5705716958,248292
5705989333,210583
5706224166,220209
5706466916,271542
5706760916,229709
5707011791,225667
5707258875,199208
5707482833,203542
5707708416,208250
5707938208,311250
5708268833,264875
5708555750,283041
5708891250,243416
5709159666,259542
5709439208,262417
5709722416,214417
5709969708,198417
5710190583,235542
5710446125,211083
5710680208,182042
5710882458,176833
5711078666,230792
5711328166,238834
5711584166,187209
5711810416,195792
5712026583,228208
5712274041,302959
5712597666,59709
5712671291,215292
5712903625,42958
5715992416,30042
5716045916,117084
5716179125,12208
5716204541,210834
5716436333,183958
5716855833,176208
5717050833,190417
5717259541,171000
5717448250,209750
5717845666,371042
5718239333,300417
5718562041,248500
5718829458,214333
5719063250,196125
5719279541,256167
5719557666,209834
5719790458,232625
5720043750,316750
5720380500,178125
5720615583,211292
5720846708,184042
5721051208,209333
5721283166,165334
5721467041,201584
5721688083,193083
5721900250,206000
5722135625,204458
5722360541,218500
5722598750,303541
5722920958,174125
5723116166,186500
5723319666,173959
5723638875,224875
5724014333,172875
5724308375,190500
5724639666,62834
5725093000,173583
5725415833,47875
5728098750,31625
5728162125,116583
5728295833,16083
5728326875,392208
5728745750,206833
5728973666,198667
5729191750,192166
5729403583,204792
5729629083,242333
5729890625,192666
5730244750,230500
5730496333,224208
5730740833,299875
5731061083,246542
5731356875,206041
5731828708,311500
5732195500,211791
5732435625,253041
5732708083,218958
5732946541,185042
5733149333,184750
5733379500,233666
5733632125,208208
5733860041,172584
5734057708,171208
5734249166,200584
5734805791,196500
5735022750,184666
5735226458,326917
5735576041,277042
5735872375,215291
5736205416,168959
5736497375,169125
5736839375,251291
5737155541,66334
5737581958,203375
5737939250,51208
5740583625,38791
5740652166,139167
5740807000,11083
5740847291,325625
5741194125,202875
5741416625,206333
5741640833,194250
5741853666,213334
5742299000,181708
5742772500,210250
5743010000,208541
5743236791,260042
5743514875,312916
5743849541,441459
5744320208,293417
5744643750,313125
5744993833,423333
5745453333,275417
5745749041,223209
5745993000,231291
5746247250,340166
5746625458,324000
5746985333,352708
5747380000,282916
5747682708,239583
5747942291,268250
5748232541,336167
5748601708,223042
5748844875,215458
5749092083,185292
5749293875,213125
5749523500,226750
5749768625,164666
5749955666,263834
5750245625,296125
5750568083,74625
5750656333,252792
5750925958,48708
5754442791,31792
5754501875,158083
5754678333,16292
5754708458,209833
5754940083,179750
5755491833,281667
5755793875,293125
5756115833,266917
5756401916,232917
5756677375,221291
5756919125,656458
5757629666,300209
5757952541,325417
5758302166,230125
5758551916,216084
5758792916,222250
5759039833,254000
5759314333,265917
5759598375,316166
5760007875,269208
5760299458,275458
5760606041,279417
5760905208,265833
5761191083,323458
5761534458,268375
5761821083,223292
5762294625,211041
5762527541,207417
5762752083,226542
5762997041,195584
5763209791,254125
5763482750,243916
5763744916,198125
5763969625,248125
5764242791,67125
5764324333,243542
5764587250,47208
5767943541,35875
5768023041,149834
5768193875,13125
5768220791,306000
5768561500,229583
5768820958,298250
5769153250,290291
5769463083,249250
5770238125,190583
5770445458,286708
5770779125,292291
5771088333,290375
5771399458,302833
5771756166,356667
5772148875,278208
5772454666,263125
5772741583,280000
5773038666,254167
5773311000,212666
5773546291,248000
5773819916,267792
5774107083,243583
5774371625,261416
5774669916,216125
5774909916,269375
5775196083,207292
5775423666,230959
5775673041,238167
5775928208,240083
5776186916,214500
5776424500,247333
5776698791,206709
5776924458,210917
5777157375,236041
5777412250,69541
5777496916,220875
5777735875,68458
5781057333,21542
5781106500,113333
5781239625,10250
5781262791,205792
5781489291,214459
5781721166,241167
5781984791,188750
5782190625,1215333
5783432500,179208
5783629833,183667
5783833916,168584
5784022583,268208
5784311833,224333
5784554458,192417
5784765958,196000
5784995375,178833
5785207833,252000
5785482500,192416
5785700916,205834
5785923416,317834
5786535583,245000
5786798208,241750
5787056666,167625
5787241666,219417
5787480916,222084
5787721708,191333
5787931750,172125
5788122333,203750
5788343958,187500
5788550250,164458
5788731541,197667
5788945375,187333
5789166666,172834
5789359500,214541
5789625000,199166
5789969833,183625
5790170166,43000
5793189000,115166
5793321666,11542
5793346583,222667
5793589625,197208
5793808208,177333
5794002833,171833
5794195166,195500
5794409375,175583
5794603291,187875
5794812791,244500
5795078791,190959
5795497166,176375
5796089833,262667
5796373666,255917
5796648166,194417
5796859875,179416
5797086125,246708
5797350458,233875
5797605875,262708
5797893041,241584
5798152916,278750
5798715750,182250
5798916791,270959
5799207208,231500
5799463458,224083
5799708583,200542
5799928500,354166
5800299791,200334
5800563166,170125
5800992750,189458
5801316750,208625
5801617666,79250
5802076625,249291
5802419541,53917
5805511125,24333
5805554250,114958
5805710416,224000
5805952875,195458
5806171166,204750
5806393375,175541
5806800625,175625
5806993583,197125
5807214250,202958
5807439000,185916
5807642208,271500
5807936833,234083
5808187458,249917
5808492333,190833
5808703500,260791
5808984166,245500
5809253333,272875
5809570541,224459
5809831000,238000
5810089875,315541
5810428583,277375
5810730250,217000
5810968333,188792
5811176166,183375
5811377500,228916
5811626416,237459
5811881958,175417
5812076458,208000
5812505000,195875
5812718166,191917
5812980875,195750
5813435916,195000
5813724958,207375
5814057541,82667
5814420166,194334
5814783250,48541
5817594916,20834
5817641083,175792
5817841375,13083
5817867291,203292
5818089958,284292
5818397250,196291
5818613416,249084
5819141875,196208
5819359916,252959
5819650500,254083
5819935375,201916
5820155291,274625
5820450958,183000
5820652208,188625
5820859583,230708
5821113791,209084
5821344500,191625
5821560416,308667
5821887875,250666
5822161750,268041
5822482750,213958
5822745041,330500
5823103208,175083
5823300250,212125
5823531375,215125
5823763791,241667
5824023541,185459
5824275125,173666
5824470041,231917
5824722166,206875
5824947958,199583
5825167875,188125
5825392916,178500
5825820666,176709
5826153416,177959
5826430708,85208
5826864791,239125
5827212916,49292
5829990125,19625
5830029125,116625
5830168291,17584
5830201291,219625
5830438791,182334
5830642875,186583
5831060458,216208
5831293458,172542
5831486666,170667
5832038583,193000
5832253541,219584
5832493291,260209
5832769416,233917
5833024708,213500
5833259000,193791
5833476333,169333
5833666625,179791
5833873458,207958
5834096875,273250
5834389708,182542
5834591416,166792
5834776791,216042
5835013083,237833
5835276250,215791
5835514500,216833
5835751000,223583
5836021666,188334
5836227416,228917
5836476916,175167
5836729500,190416
5837054583,199458
5837370791,212834
5837856125,190750
5838311625,180250
5838607166,195959
5838965708,89583
5839341708,194875
5839697291,47334
5842505708,21417
5842552958,168667
5842737458,14083
5842766041,193792
5842980833,179500
5843179916,180417
5843379750,186708
5843584916,224042
5843833666,180292
5844032291,182750
5844501000,225208
5844743000,207458
5844985291,272709
5845325125,203041
5845766708,193542
5845986666,192000
5846200708,205958
5846425125,195125
5846640625,353375
5847029041,182167
5847231833,246292
5847713500,187125
5847919166,235417
5848176125,198541
5848392125,231083
5848641375,224541
5848885083,187583
5849119500,172958
5849313041,221250
5849554000,235791
5850250666,162459
5850434958,170833
5850728916,183584
5851003625,182291
5851338500,74708
5851724000,198333
5852102625,69083
5854977708,37333
5855044416,131084
5855193208,13292
5855666375,190083
5856097916,193334
5856312375,171875
5856502041,170625
5856836958,212542
5857076166,202209
5857298708,242458
5857558666,197292
5857773000,226333
5858017916,240542
5858281125,166208
5858466500,261750
5858747375,333083
5859097125,195625
5859312541,184375
5859517250,167958
5859703791,349500
5860078083,210750
5860402583,324208
5860756000,216458
5860990750,250958
5861263916,197625
5861709500,203250
5861929791,178917
5862127166,242209
5862686000,189541
5863241208,220250
5863482750,207166
5863771541,84459
5864183916,212375
5864526916,47500
5867434083,42500
5867502083,131000
5867648916,10875
5867673541,210584
5867905416,175917
5868111291,197084
5868328541,217125
5868819333,193583
5869030833,186625
5869295625,189416
5869504875,220416
5869742666,246250
5870005625,216416
5870239000,233958
5870494166,215625
5870736208,183458
5870945666,190125
5871155875,187916
5871631708,169750
5871834375,179625
5872237708,190875
5872447083,195042
5872662625,212541
5872894958,209625
5873126458,201875
5873346666,176209
5873606416,179542
5873947875,163791
5874268291,174084
5874723958,166000
5875107166,185834
5875562208,183833
5875861833,205083
5876212416,72459
5876625958,179458
5876984708,57083
5880015041,39584
5880084500,116833
5880219041,12750
5880246875,218458
5880487416,188417
5880897958,283708
5881485500,222083
5881726125,226041
5881972958,218333
5882211375,216333
5882446375,221750
5882687750,213666
5882921208,346250
5883290291,277000
5883591458,250708
5883865291,283042
5884179625,287791
5884486166,241875
5884749041,252250
5885020166,281042
5885320958,328125
5885693875,270000
5885985041,253584
5886256250,220458
5886514583,230833
5886768958,270250
5887058833,269583
5887351375,234833
5887621000,230291
5887869916,229125
5888118000,293916
5888458833,285583
5889021875,305250
5889352833,109833
5889479708,226583
5889721000,57458
5892581083,31500
5892638333,117250
5892775208,14417
5892806083,277167
5893109916,220625
5893354333,253875
5893634166,226959
5893885041,235709
5894142541,255792
5894421000,260250
5894703958,222167
5894950250,238750
5895209625,249791
5895476458,224417
5895718916,211834
5895952458,223958
5896202041,186334
5896412458,232542
5896663291,243792
5896945583,187208
5897151041,221667
5897389958,205500
5897613541,202250
5897836125,193625
5898047500,189583
5898485458,228875
5898737375,186416
5898945291,242834
5899207083,256583
5899484291,239584
5899742875,181458
5899942333,236208
5900583875,195333
5900808541,188667
5901243250,79000
5901571916,195292
5901984125,55500
5904986416,42542
5905054958,112000
5905184416,11417
5905208000,205375
5905433083,186917
5905638625,181833
5905838958,214042
5906070166,198292
5906289000,173875
5906480541,179459
5906740416,192959
5906951416,199959
5907169125,243083
5907674375,228333
5907924250,220500
5908165833,161958
5908351833,317208
5908687291,247959
5908951833,227792
5909196500,222791
5909436250,228625
5909682791,404667
5910524083,202458
5910748291,198459
5911438625,176041
5911633791,202750
5911854666,174542
5912049541,205959
5912273333,172292
5912577791,189292
5912993458,220375
5913304000,205458
5913623583,92042
5914029833,209083
5914393750,48291
5917291625,34208
5917346791,133542
5917496500,15291
5917523875,209125
5917752333,177792
5917948708,188917
5918160166,214875
5918397500,203708
5918622750,173250
5918812875,167500
5919108291,181542
5919307791,236417
5919563166,230417
5919813666,215084
5920278375,198875
5920497291,193084
5920717291,265667
5921035875,263708
5921325208,170042
5921512708,257833
5921792083,208750
5922019583,245792
5922283916,228584
5922531333,218208
5922776416,221959
5923030250,208041
5923256083,216417
5923490166,293959
5923805208,170500
5924220833,201375
5924463833,184417
5924916583,169958
5925343916,165625
5925962916,78917
5926358416,199584
5926717833,53292
5930002166,36834
5930067125,114375
5930196875,12458
5930223416,233834
5930690083,191667
5930901250,194375
5931113125,198166
5931329166,205625
5931998125,244000
5932259708,237375
5932513791,234125
5933001708,227833
5933248708,213667
5933481583,226458
5933725666,233542
5933975916,369750
5934418083,346208
5934816458,250042
5935090166,313750
5935438458,295917
5935777000,266166
5936063625,270375
5936358375,429916
5936891750,309333
5937234041,416625
5937677750,366125
5938071791,359792
5938499833,329083
5938855708,236042
5939113291,231334
5939367833,221000
5939611375,234500
5939866666,89875
5939972250,225291
5940211500,62208
5943554916,31875
5943609583,165833
5943808416,24709
5943847666,301750
5944169125,276458
5944464500,229166
5944716250,298666
5945055375,296875
5945372666,276209
5945896625,275583
5946194791,215167
5946428625,268541
5946714666,286542
5947281708,255167
5947567375,194625
5947789333,250542
5948082666,266209
5948366000,242875
5948628750,211375
5948862750,254791
5949144041,373459
5949559458,273625
5949855791,200625
5950089333,285458
5950406416,259375
5950700458,259583
5950983666,238917
5951247916,402417
5951727166,606125
5952369708,305167
5952988791,241625
5953495666,272000
5953786416,199125
5954015541,225042
5954255291,58542
5957377291,22292
5957418166,99667
5957532750,10166
5957555291,265750
5957838916,208209
5958076000,177541
5958272666,192292
5958481500,353958
5958858958,246042
5959133416,224667
5959376250,217041
5959609875,282083
5959921250,330541
5960278416,314209
5960632125,240333
5961142500,244750
5961435791,318542
5961778958,275792
5962079875,241916
5962551208,260333
5962829083,262750
5963112291,231167
5963363000,261166
5963647041,214584
5963887000,232583
5964142291,217917
5964377083,239375
5964653166,201042
5964876541,226625
5965131833,260417
5965411625,254916
5965689458,199000
5965908083,248833
5966174916,266542
5966459208,89250
5966576041,226292
5966822250,51708
5970017833,109708
5970168666,213875
5970405708,193750
5970621291,223334
5970861125,236166
5971116583,206417
5971340666,299334
5971657875,205125
5971899708,247042
5972170750,187458
5972392583,225542
5972663000,237083
5972920750,189958
5973134750,200083
5973357625,176916
5973558958,177208
5973754791,273500
5974045166,307709
5974372208,205750
5974595166,203000
5975049583,216375
5975285625,197666
5975503833,172750
5975694083,248375
5976397208,238083
5976657500,194291
5976871458,254292
5977145916,188042
5977354875,205666
5977819708,192583
5978145166,178375
5978479958,42875
5981322000,36666
5981383083,128083
5981527500,11125
5981550833,202792
5981772833,178875
5981970791,175250
5982566000,165166
5982747958,164625
5983166416,180709
5983392666,206584
5983616583,242042
5983892166,243917
5984159125,245916
5984422750,246041
5984688416,258917
5984968083,259333
5985248041,249000
5985520291,201542
5985743791,246917
5986011833,300208
5986331916,210500
5986563666,206500
5986787666,217292
5987023125,264333
5987307833,227125
5987558333,192750
5987768958,210042
5988001625,175916
5988196041,223667
5988681083,181417
5989434583,193833
5989725500,199083
5990076458,95833
5990487666,181917
5990844958,50667
5994109208,35500
5994173041,120542
5994311500,13500
5994338500,239916
5994804708,305792
5995151291,239250
5995411500,264791
5995697250,237916
5996189291,198959
5996684083,237958
5996942833,269958
5997229916,264625
5997772625,241666
5998073166,286750
5998382875,289125
5998690291,335834
5999049375,238916
5999307250,256000
5999584000,290750
5999901541,279167
6000203750,300458
6000524875,260041
6000817958,395500
6001232541,254334
6001511750,220750
6001753041,230209
6002005250,339833
6002379208,253375
6002870875,308291
6003197875,250416
6003692125,82250
6003790666,194459
6004000333,45083
6007063291,26584
6007110375,106000
6007235208,10583
6007258083,229167
6007713958,174333
6007908208,179125
6008104708,288417
6008419041,180084
6008615958,242208
6008876000,247750
6009151375,229791
6009416833,260708
6009697500,245833
6010204041,261292
6010493416,246500
6010762833,201083
6010985500,352125
6011357000,203791
6011585958,237458
6011839916,219792
6012081875,207291
6012307875,237750
6012766125,177125
6012960541,200125
6013179000,188666
6013385500,181291
6013589000,179375
6013786916,198917
6014006166,211667
6014250625,217333
6014485583,229375
6014732875,177958
6014934458,239208
6015191708,79167
6015437583,171250
6015760125,50666
6018559125,30708
6018621333,171542
6018836208,228458
6019084375,207541
6019530958,225833
6019778291,218459
6020014500,272833
6020311125,316958
6020654750,254625
6020981250,345500
6021365166,315750
6021702708,284583
6022010333,245667
6022519333,236083
6022776250,206083
6023011875,346958
6023380041,244875
6023645708,244375
6024198333,252875
6024469500,209250
6024941625,182708
6025143875,259166
6025686500,212041
6025921958,213917
6026164875,197916
6026382291,229875
6026631666,232250
6026887416,182375
6027087125,246750
6027354541,284084
6027660541,100125
6027953041,250834
6028305750,59375
6031543458,39042
6031612083,163125
6031793125,12625
6031820583,279750
6032119708,254833
6032394750,221125
6032635125,212791
6032867083,294667
6033197250,219125
6033457541,200792
6033678625,195833
6034007291,347167
6034648708,204042
6034873833,201667
6035098875,197250
6035316958,200458
6035538250,217458
6035777083,297208
6036368416,363000
6036784625,337000
6037177583,315833
6037528000,284083
6038111291,229667
6038361166,376875
6038761500,335916
6039120708,252458
6039397166,214917
6039661000,359375
6040061250,284208
6040391291,333459
6040750458,230042
6041318583,330750
6041677375,90916
6041786500,189625
6041994083,51333
6045712833,56667
6045799291,182084
6046003625,36291
6047231916,197792
6047655041,181792
6047852375,169375
6048038833,188208
6063173125,499666
6063706708,306208
6064043750,258333
6064327500,215041
6064815666,271250
6065108416,211000
6065338666,206459
6065563750,195208
6065778541,200834
6066001791,238125
6066258833,316000
6066601125,217833
6066947958,348458
6067335958,340625
6067711250,241375
6068001041,253042
6068280583,251500
6068555833,235375
6069042708,230083
6069638666,261125
6069956125,247541
6070225041,158292
6070860416,67292
6074326541,32000
6074388708,125833
6074531375,11500
6074806458,232125
6075063458,207583
6075766458,215333
6075999750,171291
6076189875,202208
6076413833,293000
6076741750,240958
6077002250,215583
6077509041,240584
6077793875,253666
6078111500,376916
6078515208,351500
6078920125,380250
6079330583,232333
6079822000,241458
6080085208,253625
6080648041,261375
6080928958,279375
6081228791,210084
6081728541,192334
6081939333,355542
6082323916,350750
6082713125,246541
6083290291,207084
6083518750,230000
6083768416,104334
6083900041,329750
6084248625,43166
6087768416,33209
6087822375,107833
6087947250,12791
6087972583,248792
6088239416,338875
6088614166,242709
6089191458,287833
6089498708,267000
6090033416,303125
6090383833,273583
6090681708,265958
6091737625,209458
6091974166,240750
6092277125,286875
6092581291,238459
6092837250,262541
6093143083,243708
6093410083,248625
6093681541,222875
6093925875,233208
6094445708,327958
6095124166,405792
6095559791,243375
6095822250,232458
6096072958,250167
6096344541,225292
6096594416,303334
6096919291,241917
6097191333,277542
6097488208,99125
6097603541,212167
6097834958,64000
6101262416,24875
6101464541,11917
6101489875,214125
6101983583,247208
6102252833,277458
6102562958,285167
6102867333,492792
6103390875,212833
6103625375,309000
6103966208,300542
6104285708,249208
6104813333,259125
6105360083,257625
6105638791,261917
6105919958,453250
6106395333,251167
6106664750,181666
6106863291,256250
6107437625,194125
6107668958,237708
6108167125,223666
6108411000,330125
6108771291,209584
6109004625,232958
6109476916,213542
6109709833,239042
6109973375,202291
6110195333,196625
6110412250,238958
6110670166,83500
6110770250,217916
6111004833,52500
6114076291,43542
6114155833,122250
6114299750,12708
6114326666,207917
6114556958,272542
6114862208,222417
6115108041,209209
6115336375,263500
6115623208,236000
6115878708,266958
6116170125,274750
6116776625,233125
6117031583,257500
6117335416,307500
6117663708,235333
6117926083,277292
6118226250,278416
6118529791,260625
6118811375,221625
6119056166,308959
6119720875,247833
6120246750,268625
6120547333,263542
6120833208,234708
6121090666,280959
6121390916,197959
6121626250,312500
6121967500,233583
6122485125,242083
6122746833,250000
6123015666,240084
6123277291,261667
6123559875,122375
6123704291,261625
6123984083,50333
6127231750,27500
6127280125,101875
6127398541,11834
6127423041,199209
6127643250,344791
6128031208,306083
6128357625,615708
6129107583,529000
6129779708,333958
6130471000,268125
6130769833,238625
6131062125,347083
6131440250,286791
6131967250,490250
6132503625,223500
6132750583,168417
6133139208,190292
6133350375,168208
6133538333,360708
6133942958,313583
6134589041,315209
6135180750,266125
6135475666,229084
6135728166,302709
6136381250,773958
6137211833,384750
6137626750,272166
6137920708,234625
6138200541,279292
6138547666,252917
6138825125,186041
6139037000,251541
6139313250,50833
6142394958,29667
6142445250,115541
6142578500,11333
6142602166,211417
6142834708,404042
6143292166,315917
6143925791,566250
6144532250,212208
6144765916,209417
6144997708,220292
6145284916,255292
6145569083,262625
6146131041,232084
6146384500,337583
6146992833,193917
6147447125,254541
6147977083,271708
6148267750,279583
6148859458,195542
6149076791,252417
6149346625,209291
6149574000,343583
6149940625,253750
6150247333,382375
6150658625,291291
6150983625,283666
6151284958,221917
6151816375,273875
6152117916,282084
6152425250,97916
6152546958,270208
6152833458,51583
6156378458,48125
6156454291,139042
6156615041,11625
6156640166,235292
6156895041,213375
6157625791,315459
6157971791,235750
6158225125,246166
6158497250,231125
6158750833,251292
6159292583,288792
6159606250,418166
6160079541,458292
6160581208,320542
6160943333,383750
6161357875,444000
6161829000,233708
6162083458,243250
6162352583,208958
6162581125,310958
6162936416,224334
6163201291,227584
6163457875,319166
6163803625,228500
6164057083,340750
6164428416,263625
6164716375,248708
6164987875,208583
6165216166,226667
6165688833,197042
6165905250,253250
6166179625,261000
6166465208,142083
6166624958,210792
6166852000,57625
6170734791,28334
6170784125,156166
6170958875,13958
6170992083,247917
6171260750,194791
6171558541,268334
6171846375,1008583
6173455875,317541
6173798083,244208
6174075958,217542
6174313916,321292
6174653708,223625
6174898958,198833
6175120166,281792
6175718208,240917
6175976958,218792
6176214625,231375
6176538750,271583
6176832291,196459
6177048833,239500
6177312000,207625
6178043750,372125
6178446000,215541
6178682916,281375
6178992416,296709
6179310083,253000
6179582125,257458
6179873833,211708
6180366833,317333
6181158333,276167
6181461375,53958
6184705791,32334
6184777375,124666
6184948875,215500
6185184875,184166
6185390208,200042
6185862833,265333
6186150791,268167
6186442000,413666
6186891625,278666
6187468458,280667
6187767458,242708
6188289375,253416
6188579416,231209
6188865375,246375
6189131708,206375
6189384041,212792
6189642875,181083
6189844666,245584
6190109291,263917
6190391041,211042
6190623000,245375
6190894166,453500
6191653666,207709
6191880958,338125
6192264583,282417
6192823875,246916
6193092666,385375
6193520000,294000
6193846791,386167
6194641250,107458
6194768833,201292
6194983833,55167
6198286041,29542
6198346958,134292
6198532125,242416
6199108125,208916
6199338458,301625
6199901041,223542
6200144750,242000
6200411541,216792
6200673125,245750
6200940583,235625
6201200750,328458
6201562333,313833
6201931125,248333
6202208125,315500
6202551458,368792
6202956708,384333
6203391250,331375
6204009166,217084
6204268375,279416
6204616083,202542
6204839833,283417
6205148541,257250
6205706250,219208
6205950083,215250
6206190041,191209
6206659583,249458
6206926625,182833
6207131375,267666
6207419958,228167
6207670833,253958
6207967833,132750
6208119166,206125
6211625833,31333
6211915500,16958
6212526083,248083
6212797250,234000
6213067250,276125
6213370208,254875
6213895916,234375
6214147666,251750
6214417125,257000
6214691291,282167
6215729791,306084
6216063166,273167
6216354875,193041
6216565791,208959
6216792333,225250
6217040250,242166
6217615791,270042
6218475833,223208
6218957083,241417
6219488750,330416
6219841208,305667
6220179791,276625
6220483916,270584
6220774958,294625
6221094375,91625
6221198666,199459
6224962000,37458
6225022291,124625
6225167875,10750
6225447666,335042
6226098083,208333
6226324500,346500
6226694583,251708
6226965375,273791
6227258875,241125
6227518666,591125
6228247208,262875
6228535125,225583
6229011958,237292
6229548375,377291
6230242833,214458
6230731166,286792
6231037083,285208
6231341166,256834
6231618458,230958
6231887875,193208
6232098750,307416
6232431583,217708
6232936541,234417
6233196375,186875
6233403041,194167
6234437791,251667
6234713041,81084
6235088875,57041
6238566958,120250
6238704666,19917
6239000333,247458
6239274791,260750
6239557083,228417
6239809541,257417
6240088583,275167
6240385000,249333
6240654541,245209
6240918083,463083
6241407541,243625
6241669541,200500
6241888625,220083
6242137416,339959
6242505833,248667
6242773791,266834
6243063916,312375
6243398000,270083
6243689291,339334
6244070875,296541
6244388250,285833
6244710125,427708
6245233791,237917
6245493666,268667
6245788291,257292
6246316125,209000
6246548833,203792
6246802958,231750
6247056916,256542
6247334583,333708
6247698416,214667
6248276000,291625
6248834875,301500
6249165750,58666
6251651750,24125
6251698750,109750
6251830875,11916
6251855583,184333
6252060416,159834
6252240458,220958
6252485833,282125
6252795541,613250
6253483250,493208
6254248708,246125
6254519583,316875
6254862500,278125
6255168166,291834
6255717833,243208
6256114708,725125
6256907833,291125
6257221458,275625
6257617291,662584
6258533958,190375
6258998375,218375
6259236000,227208
6259481166,352292
6259863500,238333
6260124833,183542
6260672916,271084
6261308666,316417
6261666208,379417
6262073166,345584
6262448500,237500
6262711083,205250
6262935958,95333
6263048583,305417
6263376916,56500
6266939166,45709
6267018166,115709
6267153250,12500
6267520791,248459
6268035291,277584
6268641125,243333
6268928416,221417
6269184583,360042
6269580000,244041
6269843125,263375
6270125666,487375
6270638041,356834
6271019750,185458
6271228416,192667
6271444750,359625
6271854083,355833
6272522750,171583
6272713458,169083
6273115875,486666
6273645625,277250
6273948208,229083
6274201000,232833
6274455791,206167
6274712791,264209
6275240125,191125
6275454625,317250
6275799708,209542
6276038625,244958
6276303291,207459
6276532083,283792
6276838458,101500
6276965666,224750
6277208166,53084
6280313458,33583
6280368750,108916
6280495458,12792
6280954875,179083
6281155916,169792
6281348916,332292
6282220708,214792
6282459083,206667
6282990916,251709
6283263083,205167
6283488125,323208
6283837916,262042
6284348166,244709
6284935375,285750
6285243833,295042
6285559875,291083
6286469541,362917
6286867791,394875
6287286416,302125
6287870041,354792
6288255625,299208
6288578208,272583
6288872291,241459
6289135375,237166
6289392666,231250
6289644583,236167
6289900583,93167
6290288916,54250
6293465541,37500
6293526208,134958
6293703833,233667
6293956666,199334
6294175875,297458
6294504875,256083
6294793791,237709
6295405791,215459
6295643291,321959
6295993791,336125
6296369500,228083
6296618958,232750
6296877500,347000
6297256000,239458
6297519333,218542
6298024875,266041
6298308583,263000
6298620125,257791
6299161125,269750
6299449250,215708
6299684916,187667
6300109083,295875
6300425333,431250
6300888375,286125
6301400000,202125
6302257333,243167
6302522291,215792
6302763500,250083
6303034041,129000
6303411500,47416
6306898500,132916
6307049083,10958
6307830000,228750
6308659458,358667
6309044458,246167
6309311541,302459
6309640500,360250
6310399083,288458
6310721333,546958
6311302500,235541
6311575916,366875
6311968916,322834
6312536791,380167
6312981833,296375
6313313916,315584
6313658375,260416
6313938333,251458
6314212625,254166
6315020208,282333
6315654875,187541
6315867291,304417
6316999083,312583
6317332416,88167
6317435250,225541
6317676375,53416
6321048333,27375
6321098708,102500
6321221541,11334
6321245458,365000
6321658750,257666
6322201291,317334
6322857666,267125
6323386041,282209
6324055541,250917
6324330416,291334
6325111416,225125
6325358875,341125
6325736958,371417
6326144666,325125
6326497750,248291
6326767166,217459
6327006833,297333
6327622583,272458
6327914250,287750
6328221125,262250
6328524541,333542
6328884458,259458
6329188208,619208
6329840416,276042
6330140041,318834
6330481541,249625
6331001500,234791
6331564500,87000
6331667416,260084
6331942000,54666
6335203583,32542
6335262083,134500
6335413416,11042
6335437666,246667
6335942083,269292
6336232583,222458
6336482166,319417
6337079083,302000
6337424750,289916
6337743625,230041
6338008500,299375
6338327666,283084
6338903875,258666
6339190708,206792
6339428750,242625
6339694625,288541
6340005916,335709
6340370833,198583
6340587250,265250
6340881208,382958
6341298041,186750
6341505458,188958
6341712375,426500
6342165833,332667
6342985833,378750
6343396541,481209
6343906958,211167
6344141291,239209
6344766916,401667
6345198125,217791
6345435625,80583
6345837541,58292
6349172750,27666
6349220791,100250
6349362291,300500
6349698416,247500
6349969208,282292
6350527041,290084
6350838666,241834
6351098000,227375
6351343500,297875
6351722000,192375
6351933500,390208
6352348791,279667
6352651500,212875
6352887583,415500
6353341416,703875
6354135250,229750
6354387250,225791
6354633041,328375
6355113625,360666
6355741291,242500
6356004625,272375
6356297166,269125
6357128208,219667
6357635875,252666
6357905750,236125
6358164500,214708
6358436375,231625
6358909916,327375
6359274750,204791
6359498041,85292
6359605833,267708
6359906916,77542
6363694666,38500
6363757500,130625
6363908291,26500
6363948291,279917
6364255833,261708
6364793333,254708
6365068583,351958
6365449916,267917
6365737833,236667
6365994708,370917
6366388333,220042
6366643166,282334
6366951125,280500
6367255625,264166
6367542875,227625
6367794291,353042
6368189458,333667
6368555250,267166
6369170791,307917
6369503500,234750
6370117083,289375
6370438458,254042
6371252291,234584
6371505875,240166
6371771916,248167
6372040541,250709
6372313750,269083
6372600708,252833
6373165208,208792
6373401833,282250
6373710291,135209
6373863791,203834
6374086250,73666
6377491750,33041
6377565833,138667
6377724291,10334
6377746958,267292
6378039000,325500
6378396708,298417
6378730041,297250
6379054875,272500
6379610125,218083
6380362375,286041
6380917250,186291
6381124833,277792
6381677291,266417
6381967583,396500
6382384666,256625
6382914958,178708
6383354958,272625
6383912416,177875
6384108041,233334
6384362416,209292
6384592166,180542
6384794666,267834
6385083250,195791
6385796125,215833
6386032708,210167
6386268875,371458
6386693250,159708
6387130458,123583
6390150833,39708
6390216083,133250
6390395958,241833
6390657958,221833
6390903291,197834
6391368291,224250
6391835333,179833
6392349666,321875
6392942250,238500
6393203958,188542
6394075833,197917
6394293583,238875
6394550791,720459
6395368791,389125
6396056208,495375
6396598791,332584
6397228166,206750
6397456166,225875
6397706000,187083
6397926458,262833
6398595041,205000
6398823500,282375
6399646958,319792
6399996166,261542
6400383750,223291
6400626750,62833
6404293208,44917
6404373958,172042
6404567666,15959
6404598666,240959
6404861125,219500
6405133208,277750
6405752416,251459
6406028541,231084
6406283000,222750
6406530000,301041
6406849875,278000
6407153750,268708
6407445375,222041
6407689625,211750
6407924291,216500
6408401000,196166
6408617416,256500
6408910916,274292
6409526500,227541
6409781000,379458
6410189041,241334
6410682583,227292
6410928958,260667
6411216958,259875
6411510583,271042
6411805750,274375
6412118000,219041
6412363791,253834
6412640750,269500
6413180750,229000
6413438125,249666
6413709041,84292
6414093458,71833
6417222916,32500
6417282750,175666
6417480958,16500
6417510750,248541
6418259666,232417
6418513166,197584
6418729416,314167
6419075791,249792
6419346916,243000
6419610458,238250
6419871291,385125
6420584583,273417
6420885958,273125
6421186416,299834
6421519541,237667
6421779500,622250
6422520541,296584
6423076208,245417
6423604833,316375
6423962375,400375
6424383500,243458
6424895083,302750
6425227875,255458
6426075875,315916
6426451208,411625
6426899416,284709
6427521250,265916
6427808666,76375
6427898916,239959
6428163000,97041
6431178000,32375
6431234583,125875
6431378208,12042
6431403250,265875
6431934458,194292
6432145416,270834
6432436375,264750
6432990583,223000
6433700791,297417
6434347833,211917
6434601333,249583
6435221875,324458
6435569958,301417
6435893916,237209
6436157166,201750
6436380250,271666
6436754291,235000
6437226583,281292
6437873208,297167
6439030666,242459
6439292375,251875
6439823041,204500
6440044958,270333
6440336333,295458
6440687333,88292
6440791000,175750
6440985041,45000
6443941291,41584
6444015166,123334
6444160541,13459
6444187333,220542
6444429583,191417
6444642958,270542
6445258333,266583
6445545458,185333
6445750166,488542
6446269375,258083
6446759708,252542
6447030750,250750
6447325875,200541
6447544375,260875
6447851291,211792
6448238625,227500
6448487291,355042
6448865250,293083
6449428958,256875
6449709416,236375
6449981291,274834
6450547791,235334
6450802500,243791
6451068000,238458
6451328708,229792
6451580500,207000
6451810166,217167
6452050333,221500
6452300916,201459
6452761041,186834
6452969250,219583
6453208666,81250
6453322708,269542
6453611083,54375
6456691000,39333
6456760458,152500
6456933458,13625
6456964250,261833
6457245666,231292
6457712291,260792
6457994375,276000
6458290000,266458
6458865958,261875
6459409500,267875
6460612083,266292
6460900708,271125
6461191125,282041
6461513833,380208
6462031250,272416
6462328958,229958
6462581208,284542
6462927083,300375
6463255166,268834
6463823541,233084
6464082083,222375
6464322958,197875
6464540750,260125
6464822750,231708
6465078875,252416
6465563208,218167
6465801875,210000
6466031708,209875
6466263916,81125
6466606333,69667
6470053500,37625
6470128416,134125
6470280333,13583
6470814916,210875
6471047166,330917
6471405291,397459
6471835791,313334
6472172833,186667
6472378250,212333
6472624000,245125
6472890333,244042
6473167875,230166
6473671708,207167
6473901458,197750
6474119333,194500
6474361708,268917
6474651166,228959
6475146541,226375
6475394416,261834
6475923083,232000
6476171000,183500
6476371166,324959
6476727541,231542
6476980375,203875
6477207416,228042
6477454125,214416
6477691750,239750
6478190416,298167
6478511833,307375
6479086166,174000
6479541166,85209
6482587041,145875
6482779000,246416
6483498625,182458
6483700500,257291
6483976125,201583
6484194958,238042
6484454708,180625
6484653833,319333
6485008458,260583
6486087416,243042
6486354333,233000
6486891000,397083
6487552416,233584
6487818250,275541
6488116791,442417
6488594916,251792
6489110375,285916
6489420250,352000
6490133416,218584
6490375500,229833
6490653458,222208
6491811583,78542
6491906500,250333
6492175125,51791
6495503291,33250
6495559083,127500
6495705083,16167
6496409375,178291
6496608333,283917
6496939333,312167
6497536166,244625
6498034583,301292
6498361541,242084
6498623375,223833
6499487750,214166
6500202583,209167
6500430583,220000
6500670625,273833
6501212083,257750
6501967208,219708
6502208875,250583
6502480500,199791
6502700750,277125
6503002083,381500
6503407416,295792
6503725958,235667
6503981750,204291
6504209041,319500
6504570125,140625
6505158208,101333
6508301041,49459
6508371875,107416
6508496375,11875
6508726958,164792
6508912708,298875
6509867291,241709
6510131833,253917
6510699250,283583
6511003333,328333
6511847833,485375
6512734416,249667
6513552750,204208
6513777375,186666
6513984541,325375
6514338833,339250
6514965541,637667
6515659333,237000
6515917875,265125
6517115916,230167
6517365583,295708
6517687458,227583
6517932791,258667
6518213583,278500
6518519041,244584
6518784250,88125
6519087375,57708
6522987625,145916
6523152750,15708
6523182041,318709
6523520416,319459
6524111750,342375
6524794166,260334
6525352875,306625
6525679541,274500
6526251416,265209
6526785958,276667
6527682958,338583
6528048916,332792
6528414541,383584
6528833875,287583
6529445833,249750
6529715708,219333
6529956583,257125
6530235625,267291
6531023791,227834
6531268791,236292
6531526875,240250
6531788416,208542
6532274041,231875
6532772750,104583
6532897250,234250
6533148666,55334
6536854583,30333
6536907416,103417
6537027750,15083
6537723208,293250
6538045500,248458
6538314041,249875
6538587208,258958
6538867541,237334
6539124375,215166
6539358750,263416
6539640541,262084
6539921416,255584
6540987041,268542
6541273916,354834
6541657708,198083
6541876791,177167
6542324333,196042
6542541458,209500
6543023750,397583
6543795958,210292
6544027750,383416
6544438958,345708
6544824666,671792
6545809333,279833
6546111958,292250
6547199208,61625
6550242166,33584
6550301375,163500
6550488916,15917
6550542083,257583
6550820500,180416
6551326625,288333
6551650166,282042
6551954916,252209
6552227666,242959
6552491250,291833
6553088416,317459
6553478541,213417
6555093875,196583
6555310208,201458
6555530958,201917
6555754250,293333
6556079625,226791
6556327333,284750
6556637833,335250
6557276833,346000
6557920208,204292
6558142333,213625
6558378083,191250
6558825291,390500
6559236583,245250
6559762458,136542
6559919250,185125
6560121500,43625
6562950333,34167
6563007166,124667
6563149916,14000
6563611958,216917
6563850458,170167
6564252875,169000
6564458000,316458
6564814166,234917
6565069041,258209
6565359000,290000
6565987458,233292
6566247625,236500
6566521166,229292
6567016291,526792
6567572625,296166
6567899166,263084
6568186541,308917
6568531583,324833
6568885541,284667
6569192500,263291
6569477208,320792
6569823875,378291
6570548000,256750
6570826541,306375
6571159958,304667
6571494708,228250
6571752000,282458
6572059500,227708
6572311125,195708
6572545916,294709
6573207375,52666
6576164250,25416
6576208833,167792
6576401791,16000
6576725375,218666
6576968666,236084
6577241416,238709
6577498375,322000
6577842291,297750
6578177333,476125
6578914083,308000
6579538625,274083
6579835125,198750
6580264250,183875
6580687750,215000
6580921125,257708
6581196625,284000
6581526833,234042
6581781083,245208
6582052083,230542
6582538875,198708
6582755791,319084
6583780625,401666
6584215291,259500
6585260791,252584
6585537000,84291
6585909125,59875
6589593666,125459
6589735166,15542
6589768375,239666
6590028375,185958
6590441416,204542
6590666541,255334
6590966583,200875
6591528333,261583
6591816875,259750
6592098291,273917
6592667208,262542
6593304791,280084
6593630791,295209
6594247166,225792
6594499041,237250
6594757166,212500
6595150083,276333
6595449208,194792
6595665333,338542
6596056791,273584
6596358083,269042
6596956750,224458
6597208833,280417
6597520500,216791
6597758375,245666
6598026208,183917
6598232500,221458
6598935666,78000
6599281916,46375
6602462000,37041
6602529666,122084
6602672666,17750
6602703916,241250
6602964375,309208
6603334791,282834
6603643750,258500
6603927875,564541
6604536791,255709
6604817250,257875
6605103625,217291
6605347125,319083
6605695916,236959
6605956333,314708
6606552666,210125
6606788625,199541
6607012666,249042
6607285541,297292
6607622291,238667
6608164208,242958
6608430416,223250
6608714625,176708
6609181458,239292
6609445375,210791
6609677958,259250
6610173750,211416
6610666333,234583
6610929791,199500
6611611083,280167
6611922583,162792
6612345833,47375
6615746750,40083
6615966875,210958
6616197541,248417
6616695458,222292
6617276875,305625
6617876791,358417
6618261291,199542
6618484125,378916
6618885750,371875
6619295583,389000
6620253666,320125
6620598666,216625
6621382958,186375
6621620250,210375
6621853958,445833
6622537166,321667
6623162500,209375
6623395916,207875
6623853750,257083
6624141833,248208
6624871708,189000
6625350041,85667
6625456541,286459
6625773625,77625
6629367000,45208
6629444291,121209
6629584208,12375
6629861875,198500
6630084416,203959
6630322666,344209
6630810833,357583
6631207541,228125
6631464541,360084
6631864000,232041
6632118916,233167
6632372500,266333
6632659291,309750
6633232583,292292
6633557833,235500
6633822875,457916
6634580708,228542
6634849458,481917
6635365125,198375
6635586375,353166
6635966458,301667
6636290416,393125
6637039166,228375
6637853208,284792
6638173416,546750
6639229000,188833
6639439000,465500
6639939750,281416
6640245500,89166
6640596416,48292
6643501375,159166
6643686208,22250
6643724916,328292
6644088166,203209
6644319625,197833
6644540208,193250
6644753583,467625
6645246000,322083
6645606208,299292
6645933041,214709
6646182000,258291
6646724250,207125
6646956916,201709
6647184208,194917
6647409083,239167
6647918416,220417
6649030875,379250
6649484958,254250
6649762583,176250
6649959625,281250
6651268541,264000
6652103625,184083
6652308791,263459
6652597708,269875
6652896666,99834
6653351375,67625
6656822416,37750
6656889166,106667
6657014875,13250
6657045458,218750
6657289541,183042
6657498208,244583
6657781666,361459
6658173708,274583
6658474125,439291
6659060958,279500
6659888750,386500
6660303666,302417
6661394083,305750
6661734750,402375
6662172625,266666
6662678958,422167
6663134583,559583
6663987666,225625
6664238000,227458
6664762208,207500
6664991250,242666
6665520083,202708
6665993583,254958
6666274583,234792
6666534083,249167
6667074791,92459
6667496791,97834
6671144333,42250
6671218708,116750
6672502416,283625
6672842708,180125
6673045291,234334
6674093333,280083
6674391625,190541
6674605500,218875
6674891041,197167
6675339500,199250
6676456708,244417
6676722833,243125
6677538708,198542
6677764416,302667
6678101708,275333
6678401625,207208
6678966250,347750
6679348291,251834
6679627000,292833
6680229125,84833
6680930375,57291
6683646041,45167
6683729166,225917
6683981625,23041
6684286750,182583
6684498000,191666
6684713250,174041
6684909041,188292
6685314541,224542
6685564875,289291
6685878375,473250
6686391416,252167
6686668625,264500
6687211375,202041
6687440791,249375
6687717916,235209
6687976666,218667
6688218833,205542
6688464041,180334
6688669333,176625
6688866833,204625
6689095500,225958
6689583750,276375
6690395875,205875
6690633583,374583
6691032125,245583
6691301625,219875
6691769833,232875
6692520208,79583
6692696125,194333
6693059958,52875
6696143750,66125
6696249833,140458
6696410791,17000
6696444041,243959
6696948666,199042
6697173333,314375
6698311041,233209
6698570208,218125
6699323416,202167
6699552166,200417
6699775750,176500
6700180666,203667
6700407458,181667
6700912041,223834
6702121583,275750
6702421791,271000
6703470625,278958
6703792833,262208
6704364458,190667
6705310666,109000
6705442333,220583
6705893291,62875
6708873875,44291
6708946083,109167
6709072875,13375
6709324000,167375
6709822166,198792
6710281750,214833
6710520041,223459
6710995208,234958
6711255666,331750
6711614041,464334
6712123666,277334
6712434333,265083
6712953958,247250
6713485291,196334
6713700708,378000
6714111041,314042
6714463041,323084
6714818500,367541
6715210750,482083
6715725250,238208
6716005166,245542
6716277250,313375
6716622291,248875
6716903708,240042
6717182458,425708
6718796291,421167
6719554666,308250
6719888458,59333
6723520291,39750
6723586375,160833
6723768916,11209
6723794333,307167
6724125125,269791
6724416333,251625
6725311291,262500
6725608375,302208
6725935125,345041
6726585375,275416
6726892541,322500
6727520833,227667
6728573458,335208
6728946750,287291
6729254666,332459
6729886875,250500
6730162791,285125
6730471416,269917
6731063333,245958
6731330333,242583
6731848375,250791
6732118916,229417
6732697833,253833
6733531791,350542
6733904541,162292
6734355458,80542
6737897916,102000
6738043291,196667
6738260833,169208
6738451125,158583
6738629458,155792
6739006166,161709
6739195958,306333
6740329708,208458
6741105875,329375
6741466083,242667
6742089583,466625
6742845583,194083
6743059291,221042
6743550666,324167
6744179958,379625
6744590833,259417
6745140125,218791
6745378291,190917
6745818833,183750
6746342500,212166
6746824291,83417
6747165083,50042
6750663375,43250
6750743125,126416
6750887541,16417
6751397916,272250
6751968333,293667
6752281750,230250
6752535208,288375
6752853458,282875
6753160125,299000
6753493416,456667
6754220166,199375
6754670458,200667
6754902833,424833
6755350750,408166
6756074375,222958
6756546750,233291
6756802916,272959
6757098458,285708
6757411541,179334
6757609625,378500
6759796750,365625
6760192708,239667
6760454416,84417
6760553375,208833
6760778583,52208
6764352208,37292
6764414333,133875
6764599041,264167
6764884125,231458
6765405875,229416
6766482791,183834
6766685666,170959
6766874958,219375
6767648375,262083
6768499541,276959
6768796000,246625
6769066541,226875
6769312291,177750
6770651000,271541
6770960875,274000
6771259625,246208
6772046333,353417
6772435375,201333
6773353250,97083
6773679500,54541
6776995041,45584
6777242750,15541
6777271583,279333
6777577791,230875
6778656333,303042
6778982125,422375
6779434791,299542
6780069875,239083
6780331458,200958
6780556916,367834
6781717500,232500
6781973250,329125
6782330416,443167
6783119666,246792
6783935916,236459
6784191208,245458
6784456083,268042
6784743833,377000
6785714833,318500
6786058166,279709
6786361458,321125
6786706208,410083
6787142083,369458
6787535500,85916
6787636541,296417
6787962041,87292
6791452125,28625
6791501416,101042
6791618625,11208
6791645958,336042
6792015666,281459
6792326750,219541
6792571000,217750
6792808625,258625
6793671791,223375
6794197166,274709
6794767875,279875
6795073250,388750
6795837458,383708
6796291041,286209
6796624583,234667
6796882500,194208
6798189375,242541
6798450958,228958
6798954666,247209
6799500416,233459
6799993041,201250
6800223541,228292
6800470708,300167
6800801333,264708
6801086750,92000
6801198375,252541
6801467083,55792
6804477541,46542
6804543125,119666
6804710000,18541
6804748750,240000
6805011333,185542
6805415750,177041
6806027833,302083
6806365333,248583
6806638166,249334
6807204125,229916
6807452666,276542
6807753708,549167
6808341625,249708
6808621833,288042
6808934708,275708
6809228375,214041
6809463083,237208
6809719208,291333
6810660250,240791
6810920458,280042
6811486666,368250
6811878041,291417
6812457166,361417
6812839875,251166
6813113125,312333
6813834583,224833
6814403375,105541
6814781458,75417
6818191708,110958
6818319333,12833
6818345166,217709
6818582458,208375
6819326583,290458
6819638416,244959
6819904083,292500
6820223708,314750
6820565125,310000
6820902250,243041
6821165250,274208
6821961291,223750
6822471458,267542
6823303916,214167
6823568541,225709
6823813708,235250
6824069958,254375
6824558291,274084
6824856958,204833
6825314625,250208
6825720833,315583
6826078125,221541
6826320458,398625
6826996791,258417
6827609708,123792
6827750375,273291
6830960541,33042
6831025083,121667
6831165916,16584
6832064333,277667
6832916958,297625
6833752250,341458
6834133416,269209
6834690375,176750
6834887833,199167
6835107291,233750
6835360208,232208
6835613458,306500
6835945166,264250
6836232208,270917
6836547041,278167
6836864041,224834
6837727625,286583
6838566416,236875
6839370166,260959
6839648583,257167
6839925333,266875
6840238291,93000
6840586541,75167
6843963000,28291
6844011666,93709
6844123375,11250
6844147541,199709
6844367333,171958
6844558000,558250
6845145916,789792
6846294166,212250
6846525333,215875
6847039083,401417
6847869375,276541
6848462583,262292
6849016875,348583
6849391833,300583
6849968791,243209
6850233666,256042
6850531791,277417
6850830791,232209
6851101000,250458
6852213750,317875
6852563166,297542
6852880375,246458
6853146625,341291
6853514708,239000
6853984625,284416
6854305916,336667
6854670958,98000
6854785125,250375
6855057583,63625
6858688541,29792
6858737541,99709
6858854208,11292
6859101083,412250
6860370125,297000
6860691708,268000
6861017833,387583
6861845750,569416
6862996833,305917
6863332833,373125
6863778291,313292
6864123291,314459
6864463833,238833
6864723291,248084
6865281291,280542
6865582166,342667
6865957500,263166
6866499916,499584
6867023458,335375
6867379333,226500
6867627333,241083
6868185666,255500
6868473208,337625
6868856500,222500
6869097416,287792
6869406583,289208
6869720166,86375
6870116958,48083
6873171875,25958
6873218916,102334
6873339375,14708
6873584541,308584
6874212833,439042
6874679416,305084
6875007791,239625
6875552750,250250
6875824625,282625
6876131333,290792
6876829708,281167
6877136416,287334
6877727541,278459
6878030791,310417
6878366208,339667
6878993625,273000
6879823166,276084
6880642125,249833
6881382208,241208
6881641708,261958
6881922916,194709
6882137500,238541
6882392916,239917
6883125000,224416
6883368500,60333
6886811333,30458
6886863458,99417
6886981208,14125
6887235416,158709
6887413208,318792
6887768708,214292
6888003625,349041
6888384125,305708
6888733041,318084
6889072291,262917
6890510625,279458
6891679625,190250
6891890500,316125
6892238583,235042
6892751541,204584
6892974125,205291
6893201208,194708
6893414916,299625
6894579333,308708
6895170166,178292
6895708708,303250
6896035750,317375
6896373791,88667
6896755166,55250
6900383208,28875
6900435750,122666
6900575458,12875
6900601291,270875
6900891375,251083
6901171375,232916
6901431166,254667
6902782083,356625
6903380291,429209
6904330583,315375
6904693541,212709
6904951666,452417
6905436875,216000
6905915750,241333
6906176875,294041
6906491916,241792
6908318958,199833
6909082125,189666
6909289166,223959
6909834125,116500
6909972625,243958
6910236041,52584
6913512875,29708
6913567583,130250
6913739166,262459
6914021750,227666
6914271625,247083
6914779250,308208
6915106166,262125
6915385833,258375
6916204708,322208
6916553708,251000
6917110916,303792
6917445333,234875
6918251875,234541
6918511333,297667
6918845583,370125
6919812875,255791
6920090708,220917
6920332625,237791
6921032458,201708
6921272000,240541
6921545208,255250
6921821666,192834
6922034541,219709
6922536625,228708
6922783916,97542
6923145458,60667
6926566583,30125
6926622291,112542
6926750583,11833
6926775666,216834
6927011208,175000
6927714541,295584
6928035083,434667
6929134166,308709
6929465375,278875
6930046541,252375
6930321708,267958
6931245083,267167
6931536250,262375
6931824041,217834
6932095500,192708
6932592208,209042
6932858458,274917
6933909291,291709
6934972875,301083
6935299375,313625
6935947083,254542
6936237333,119458
6936374000,204583
6936605333,87458
6939920958,26875
6939967125,113375
6940096291,11167
6940373083,221542
6940619791,235584
6940876791,219334
6941847500,184500
6943553791,255125
6943872875,242750
6944139750,634125
6945084083,213750
6945319625,224666
6946377041,274209
6947501583,263875
6948026458,206458
6949067625,246083
6949540083,289958
6949848916,55459
6953196000,40416
6953267250,155625
6953480583,18417
6953547416,277209
6953844958,247375
6954344291,272209
6954654875,246958
6954923375,323000
6957570541,190834
6957780291,329625
6958374125,223416
6959166375,196333
6959382541,226417
6959627125,296041
6959952125,285000
6960534916,231834
6961363833,423292
6962087583,303167
6962417333,205667
6962918083,92750
6966583500,32458
6966645041,119584
6967985250,251041
6968711833,211250
6968941916,232167
6969192666,250459
6969462125,305666
6969879500,369833
6970284666,382125
6970696416,292084
6971014958,277708
6971562916,222125
6972064166,252709
6972362708,211958
6973345625,271375
6973636250,213833
6974115875,252583
6974394541,275459
6974910458,183708
6975704375,111541
6976093583,43458
6979489500,100333
6979630416,231459
6979886083,304458
6980760125,281291
6981060583,277333
6981358916,251334
6981891541,215709
6982442916,213584
6982674375,210041
6982907000,180083
6983596458,281875
6983898500,272541
6984690833,251333
6985403125,238041
6986162375,220791
6986403375,263750
6986690291,374000
6987119166,293584
6988502208,82375
6988825041,57459
6992117875,28958
6992170083,104042
6992291625,12958
6992613458,192125
6992830916,182917
6993037458,162208
6993219166,309709
6993589250,252750
6993860208,323042
6994434958,281083
6994760750,235875
6995063875,272708
6995360416,198209
6995580375,257333
6996625416,278417
6996933416,271959
6997238458,252042
6997511458,229042
6997981041,208084
6998435583,229458
6998939041,315042
6999329000,197375
6999545416,299792
7000403125,380083
7000809458,284167
7001117208,336417
7001479541,136625
7001964625,69250
7006288375,115041
7006420791,13792
7006447125,238375
7006707125,298791
7007374375,315125
7008935625,350791
7009321833,286417
7009632041,359417
7010373625,362416
7010769250,256416
7011075125,340375
7011442625,343208
7011808166,195334
7012465291,273834
7012780500,277916
7013079083,270167
7013370083,285625
7013674750,247666
7013947916,258167
7014225125,292958
7014541166,228334
7015059541,286625
7015710375,257208
7015988166,288209
7016332041,255209
7016613166,259209
7016897791,97959
7017014708,354583
7017392208,67583
7020160541,25250
7020360333,188458
7020569875,269833
7020881833,291958
7021194708,330250
7021553625,470291
7022820500,237333
7023408625,348208
7023779416,280709
7024568750,213333
7025250250,204958
7026373958,271750
7026912583,298958
7027494250,194000
7027969333,396417
7028395666,226334
7028644458,385542
7029058875,245625
7029563708,265500
7029848041,114334
7029981750,201541
7030205250,46666
7033320000,46083
7033390541,137542
7033543125,10666
7033566000,241708
7034112666,177334
7034309041,208042
7034535083,283375
7035075375,219666
7035318208,208667
7035773375,249916
7036042875,540875
7036612250,304416
7036945166,267667
7037251125,290875
7038594583,214000
7038831625,215750
7039546041,207584
7040243916,199917
7040680125,343875
7041061666,230834
7041443458,249958
7041961458,313917
7042309916,332875
7042667250,88916
7042772125,273041
7043063500,56916
7046476375,31291
7046529541,136125
7046684166,14084
7046743625,259208
7047252250,207708
7047739500,286000
7048044208,273667
7048335041,233792
7048599333,259625
7048879375,267500
7049169541,302584
7049748541,227709
7050492958,555208
7051398666,358584
7051789375,319916
7052157041,308834
7052532250,372791
7053498416,219292
7054670083,191875
7054882333,240208
7055616208,213208
7056083791,80292
7056179791,193834
7056391625,55375
7059908500,130416
7060082250,240916
7060345333,301042
7060714958,229708
7060967750,366166
7061426333,307458
7061773458,323125
7062449333,244458
7063305125,300291
7064613166,246417
7064917166,239459
7065393791,254500
7066255750,240625
7066763500,296333
7067081333,291750
7067943250,218833
7068473458,220667
7068713750,204125
7068937333,248250
7069208416,288125
7069561250,118666
7069699125,259041
7069986666,98750
7073719958,45833
7073791708,149625
7073957958,16375
7073988916,305459
7074321041,226125
7075027500,241500
7075538083,260167
7075822500,267625
7076355000,255833
7076632500,217416
7077084583,227958
7077334500,282166
7077654625,226291
7077904333,318958
7078258250,346291
7078633458,287042
7078956125,268166
7080021208,263333
7080306041,301875
7080966208,203417
7081189000,328791
7081537500,247958
7082047916,189250
7082495375,226250
7082741541,200709
7082961583,182625
7083170083,219542
7083412250,49166
7086968833,26958
7087022625,107041
7087150041,12834
7087426458,295375
7088045583,256417
7088325541,301584
7088966791,244125
7089261125,287875
7089575375,249166
7090142916,285292
7090672500,477041
7091538125,219458
7092076416,267334
7092362333,239333
7092618916,245292
7093466833,252708
7094326666,225084
7094592916,364417
7094988833,380833
7095404583,285542
7096006375,284458
7096592333,395250
7097308916,110459
7100414958,28750
7100467708,101208
7100588291,13750
7100851625,181125
7101058708,165708
7101247375,373750
7101940250,263666
7102223250,274458
7102517791,347542
7102891833,392958
7103582958,346667
7104222416,236584
7105047666,275667
7105341666,255459
7106155625,291583
7106465208,271875
7107039541,207792
7107831166,280584
7108138541,239709
7108635375,312625
7108982791,252125
7109755791,323292
7110107791,141667
7110275958,291292
7110605791,65709
7113773541,31917
7113830083,142875
7113989333,12667
7114309541,261209
7114833083,255333
7115986166,269334
7116526291,236834
7117321458,212417
7118404000,229541
7119426250,195166
7119663625,314791
7120017500,285333
7120329291,450542
7120803416,234542
7121826708,251375
7122096333,348292
7122477708,296167
7122798375,255666
7123334833,157958
7123728125,55125
7126940416,28542
7126991750,101291
7127109625,12000
7127133833,220208
7127375875,309958
7127720500,348083
7128364125,233416
7129103791,245959
7129367000,404125
7129796833,390917
7130533791,192875
7130745833,319042
7131358041,273209
7132017083,325958
7132382708,212083
7133212291,213292
7133447833,182083
7133652083,342167
7135169416,372417
7135576916,289917
7135889041,363917
7136347500,1077041
7137453000,397625
7137880958,355375
7138275500,103625
7138707458,61292
7141539000,28166
7141587875,114625
7141721541,10625
7142741500,302583
7143066291,406709
7143530083,253125
7143806291,220167
7144285583,264208
7144575416,332125
7147047500,265458
7148356333,360750
7149562166,348834
7150435291,321500
7151436041,224500
7151691541,54542
7155076625,31708
7155131916,111375
7155261666,15834
7155348958,332708
7155705708,245708
7157430666,380209
7158371500,244541
7158649500,235916
7159204333,269792
7159493791,330959
7159965458,337500
7160605333,243750
7160870541,258000
7161505416,312000
7161855333,383500
7162789000,251125
7163061583,243833
7163346250,261458
7163860916,244250
7164122708,249500
7164657625,202625
7164881041,265292
7165167541,134667
7165328125,209708
7165555083,47750
7168714333,128667
7168859666,11792
7169164458,264917
7169459250,226708
7170454916,209667
7170682958,265542
7171481916,246834
7172317916,264334
7172879541,220125
7173398875,225166
7173864416,240375
7174406375,231791
7174661458,210542
7174892958,191167
7175103041,304125
7175443916,219042
7175938791,192167
7176407958,320250
7176751500,299750
7177093833,272750
7177481666,419375
7178288041,85709
7178652083,56250
7182025291,30250
7182079166,131167
7182555916,250292
7183615375,210708
7183847125,190041
7184057500,354958
7184999625,260500
7185280666,320500
7185928958,324875
7187450666,259667
7188238958,434792
7189187916,215584
7189422000,191791
7191217583,371750
7191623833,184958
7192060750,51000
7195704750,29208
7195753083,97292
7195893833,310500
7197060625,331208
7197418791,228834
7197913791,269834
7198203333,335500
7199364916,240500
7200692958,254750
7201534208,238583
7201793000,225500
7202307833,322667
7202710791,277709
7203010458,315333
7203579333,196708
7203797166,243834
7204076000,311375
7204415208,367333
7204811541,298500
7205170375,309083
7205505375,106916
7205630916,295500
7205953291,66667
7209554416,38250
7209624375,115291
7210041791,438500
7210506666,604167
7211419750,853208
7212528875,204541
7213071416,347417
7213444125,280625
7213748416,281917
7214049791,307084
7215000000,261541
7215282708,290125
7216394750,293583
7216707875,223083
7216950458,358917
7217607250,233791
7217862916,241084
7218138833,275250
7218774791,336375
7219749375,537833
7220322166,327834
7220677000,365708
7221067125,133500
7221455541,58125
7225067083,27750
7225114916,108834
7225240666,11084
7225500125,358833
7226175416,229834
7226459708,410958
7226897333,304292
7227513291,376084
7227931791,396959
7228364583,233333
7228626625,365875
7229016250,235666
7230241208,361750
7231904958,307792
7232493916,252625
7232767041,261250
7233048666,239417
7233311833,241292
7233576166,366667
7233967291,246875
7234235000,203666
7234456041,248334
7234722750,255958
7235007875,267041
7235294041,113709
7235732000,75208
7238874958,27042
7238925958,103542
7239047125,11416
7239293375,242291
7239561166,404959
7239993625,660000
7241013166,272917
7241584041,190209
7242028583,431292
7242492250,265375
7242778166,243084
7243043916,407542
7243481625,350208
7243860625,272291
7244169333,334208
7244531208,310083
7244865583,301125
7245473416,244334
7246044833,258125
7246323500,221083
7246565375,269250
7247224916,197500
7247949000,218708
7248197500,230416
7249557833,80750
7253061333,208875
7253900083,275292
7254771666,544417
7255480833,343917
7255853500,287375
7256467708,296833
7256781500,262166
7258741916,242417
7259023083,238792
7260224083,218042
7260461583,262333
7261238625,190791
7261448875,267375
7261734958,247167
7262004083,364250
7262753083,334583
7263124500,140750
7263289375,227791
7263534958,51417
7266594958,35000
7266659750,131458
7267108916,197417
7268459750,265583
7268747083,337958
7270992083,286833
7271550291,215542
7271786083,208125
7272013875,217083
7272531541,204834
7272758833,226958
7273007041,245334
7273300458,204417
7273795208,191000
7274256083,219917
7274744750,210458
7275483083,444375
7275964208,108417
7276091666,195709
7276305166,51667
7279447375,35625
7279507083,124208
7279727166,300000
7280048541,222834
7280565666,225375
7280814833,298625
7282012458,437833
7284395875,377416
7284799166,271209
7285377000,303000
7285704708,291167
7286027625,295291
7286623708,240792
7286886541,259584
7287400500,245166
7287907750,210625
7288620291,285834
7288925416,221334
7289462541,98875
7289597541,206959
7289822125,47083
7292978166,29167
7293027791,124459
7293188958,15250
7293466250,223541
7293944500,185291
7294146833,271958
7294767541,389375
7295179000,318791
7295531875,308791
7295866000,267250
7296950958,217875
7297194000,233041
7297476416,264792
7298218541,224709
7299555708,233833
7299815166,252667
7300089208,206583
7300842583,204167
7301067250,203458
7301505416,177292
7301954041,78959
7302291666,57209
7305486333,33000
7305542666,103209
7306358250,286416
7306673500,295041
7307751625,373083
7308445291,227334
7308694750,387083
7310445750,229208
7310949833,281708
7311257125,276666
7311568666,288584
7312222750,303375
7312554666,258959
7312833458,193292
7314044416,221584
7314283291,212084
7314770958,93792
7314881708,213250
7315110666,62709
7318525000,29666
7318754500,247000
7319021708,193167
7319803083,252500
7320293625,364666
7320688625,274666
7321243958,306917
7322989250,222541
7323474000,307083
7323818333,201125
7325035875,201625
7325263083,263667
7326058791,269000
7326348625,343500
7326725541,245459
7327226750,243291
7327792166,93959
7328139166,90167
7331440416,34625
7331510958,166375
7333093416,231000
7333848750,253583
7334120583,268458
7334671875,269708
7335249625,240125
7336455708,390375
7336872500,291166
7337183958,302042
7337801791,273750
7338400833,261500
7338684625,249041
7339189541,227417
7340450291,237542
7340983666,85875
7344785458,38167
7345058958,17875
7345375125,320666
7346277125,284833
7346580541,325167
7348351416,190334
7349205500,304708
7349826875,219916
7350067750,187250
7350276708,210417
7350532958,288750
7351854250,226916
7352412333,310167
7353122958,347500
7354559916,87917
7354667083,280125
7354979000,55791
7358007458,38125
7358069083,138042
7359610500,236458
7359873833,227083
7360364958,402500
7361061750,334791
7361440125,210083
7361897166,221084
7362141625,241583
7363346041,177209
7363783416,213959
7364015083,192250
7364228500,209791
7364756625,356125
7365132458,213708
7365605500,196916
7366255708,201958
7366927041,151667
7367360541,56042
7370681583,28167
7370734875,120208
7371309250,170708
7371757458,259083
7372039083,228000
7372511416,208459
7372738208,222917
7372979208,265208
7373830750,208166
7374096625,244416
7374360250,173208
7374867833,235917
7375598083,292375
7375932875,199333
7376150291,196250
7376828291,258875
7377365875,207416
7378078625,304541
7378406958,356292
7379359541,80625
7379708166,55625
7383108041,38375
7383172625,133416
7383323125,15125
7384412000,274708
7384733583,260917
7385593208,319458
7385946291,629042
7386613416,307542
7386949625,291875
7387268208,335125
7387888583,177542
7388361250,407083
7389039500,216916
7389279125,272208
7389572083,352375
7390426041,250792
7392009375,376375
7392535291,336875
7392899750,234666
7393550375,143541
7393708625,211333
7393943625,98625
7397870541,30667
7397926166,115584
7398083166,292709
7398921000,291416
7399248125,276708
7400081583,295000
7400394666,263584
7400973666,255875
7401249458,357375
7401633125,320291
7402016333,338917
7402387083,466458
7402934666,358792
7403325875,315041
7403668541,224209
7404160875,288500
7404764625,246333
7405034000,226833
7405567583,236833
7406295458,319292
7406971333,259000
7407273083,227042
7407770333,281125
7408168291,116417
7408521833,50125
7411780916,25709
7411961500,443458
7412696500,225416
7412939541,268417
7413243083,476417
7413797916,236792
7414056708,206917
7414282833,270833
7414869000,311458
7415207500,342208
7415830541,294834
7416168333,266375
7416733000,248916
7417001041,310292
7417338708,447792
7418118625,463750
7419128041,305584
7419458958,263208
7419752833,2032667
7421827250,1417291
7423289416,1196875
7424752750,672625
7425452041,410250
7425951458,411417
7426442250,612875
7427696791,1470625
7429195875,268291
7435738708,318583
7436094291,30292
7436162708,580500
7436825375,817958
7437716375,1889291
7439681125,589916
7440561000,625833
7441217916,344625
7441587791,272667
7442118583,244167
7442384166,851250
7443475291,933375
7444960916,334875
7445329083,538208
7445899541,233042
7446155708,196958
7446890625,245333
7447158458,187792
7447620166,404292
7448063416,307292
7448400750,187041
7449300583,603917
7450212041,1008167
7451265291,572750
7451872750,362750
7452263791,312959
7452661666,85125
7453090083,51250
7456641625,32875
7456702791,124375
7456844833,10917
7456869250,248791
7458436416,211334
7459528500,304041
7459871833,384292
7460294583,329708
7460739458,269667
7461337083,372917
7461767166,312459
7463176166,307959
7464061250,250833
7464891750,197541
7466350083,169167
7466539750,241541
7466799708,56167
7470317333,43292
7470384666,154542
7470560875,11166
7471605708,301000
7471928166,238334
7472187125,248958
7472454666,297459
7472782416,239792
7473042416,286584
7473347250,256666
7473621541,281750
7474331208,224125
7475059958,218583
7477119583,304250
7478008208,345167
7478395833,338292
7478762208,242250
7479024125,306041
7479365541,282459
7479883416,397542
7480304708,91417
7480412250,217958
7480652625,60250
7483891500,76583
7483995875,136166
7484176791,310834
7485675750,263958
7487668791,249125
7487967166,195459
7488182500,296666
7489531166,244917
7490493500,219750
7490984541,316917
7491610291,222542
7491868666,217792
7492103500,228041
7492353166,240875
7492612208,193042
7492825000,254583
7493131666,119959
7493267958,300708
7493600500,116958
7496620041,30709
7496825875,238791
7497354375,361875
7498262125,218916
7499372833,256125
7499647791,264417
7499959291,222334
7500534375,229291
7501403708,322375
7501762166,290209
7503354583,367875
7505140916,211709
7505635416,195834
7505853583,89042
7506190500,63083
7509207541,29209
7509257833,110833
7509385250,10791
7509440083,254917
7509715041,261334
7510023583,278250
7510355000,202416
7511134250,217375
7512156000,229666
7513839500,224958
7514825958,216750
7516328833,176458
7516523166,180834
7516722000,198291
7517158791,326209
7517831125,291041
7518145083,92208
7521701166,34750
7521757958,180042
7521963291,19834
7521997333,222042
7523378791,251084
7523653208,295208
7523977583,216708
7524228250,200416
7524451750,377166
7524855958,299708
7525807291,232042
7526324250,339458
7527009458,320417
7527626041,306959
7528629208,234208
7529731208,238708
7530432708,164833
7530631083,215958
7530865333,261083
7531392208,96083
7531501666,213167
7535231875,143125
7536061250,235166
7536546666,378917
7536954125,270416
7537723583,295333
7538307375,200750
7538769708,255667
7539582625,213916
7539814500,198416
7540962708,248542
7541228166,250625
7541496791,187459
7541965708,205042
7542237000,414875
7543182166,317042
7543533541,353750
7543908458,264375
7544465750,101833
7544585875,229041
7544831208,54875
7547671791,28084
7547720375,104750
7548091875,174708
7548950625,252208
7549222416,390959
7550196875,378666
7550645833,404542
7551757416,237834
7552302000,219791
7552543291,176292
7552737166,279959
7553040750,250166
7553817000,187791
7554023041,242334
7554285750,348416
7554652041,285584
7554994416,297500
7555319500,223708
7556254041,189125
7556690791,233500
7556945125,85958
7557337833,47042
7560648333,114750
7560803458,230917
7561502291,343375
7562005166,596334
7562633208,226792
7564499166,198000
7564981000,287250
7566421750,284166
7566737083,237167
7567228375,182916
7567429000,181375
7568198750,277291
7568511250,406125
7569768833,252958
7570041666,279250
7570631666,97792
7570745250,221666
7570984541,56292
7574189375,31041
7574242375,355041
7574641291,25292
7574681250,223458
7575338166,328250
7576301166,351875
7576678750,276750
7576989583,247542
7577480083,389708
7577910958,398958
7578337625,405791
7579796416,286834
7580102375,202916
7580325250,221166
7581471666,295750
7582061375,336958
7582417833,266667
7582701500,209541
7583276708,288292
7583598708,394125
7584241541,321167
7584589708,324292
7584941791,331667
7585309791,129125
7585705916,85167
7589049625,25541
7589098916,132875
7589249875,18208
7589280208,343750
7589676166,223125
7590149916,331209
7590532125,297166
7591129333,215375
7591671708,354083
7592055500,338625
7592427500,341791
7592795916,204084
7593360375,209041
7593594500,397750
7594602583,217208
7594839500,255166
7595113000,255041
7595675083,288250
7596239125,312541
7596575041,324542
7596925708,275375
7597528125,303583
7599583166,42834
7603224625,31958
7603285625,150708
7603457750,17333
7603750166,228459
7604527875,292208
7604841083,236625
7605308291,268500
7606404041,168334
7606589791,234167
7606855833,186250
7607340750,217583
7607602041,179292
7608021625,212750
7608497666,174959
7608695125,255708
7609295166,224375
7609568083,317000
7609903833,199875
7610901291,252334
7611622583,229542
7611870958,81958
7612229666,49625
7615291125,37208
7615357916,105875
7615757125,186458
7616167583,333042
7616530916,253209
7617056958,362333
7617774291,341375
7618258833,327542
7618626500,299958
7619296250,218541
7619795375,261041
7620375625,262000
7620655000,289583
7620981291,285042
7621286791,237417
7622348416,245167
7622871416,206250
7623920333,219000
7624398208,237875
7624881833,120292
7625275416,55584
7628417416,36917
7628505250,113166
7629891791,295709
7630994583,275000
7631919583,188333
7632170083,187042
7632683541,198625
7632917958,169917
7633594875,169416
7633782500,250541
7634060375,239875
7634321750,256541
7634599916,211542
7634831666,228709
7635080666,178709
7635511750,163000
7635898333,174583
7636091958,161333
7636271291,181834
7636474458,168875
7636665333,76458
7636759208,190167
7637366333,70042
7640347833,107958
7640471083,11458
7640495541,200209
7640717458,175292
7640911541,165875
7641094458,164250
7641478500,206666
7641934875,158416
7642109541,379709
7643093750,277833
7643389916,332542
7644242666,249209
7645726625,201833
7646434208,377333
7647797333,173833
7648733916,131334
7649161875,48833
7651696916,25500
7651745166,119375
7652464375,190208
7652676500,197458
7652891083,207333
7653311125,182500
7653841458,220708
7654868666,252459
7655161166,371167
7656421291,216334
7657155375,223916
7657401625,213416
7657908375,170041
7658347083,325333
7660089000,197000
7660721250,79208
7661096458,180375
7661469708,42208
7664247291,27542
7664311750,162250
7664514750,221958
7664960958,185792
7665573541,168167
7665759458,166625
7666171833,202417
7666906833,278042
7667202041,240334
7667678708,185708
7668643500,407250
7669320958,209208
7669554375,184000
7669759708,190708
7670871083,180667
7671558416,163042
7671876458,213792
7672665708,237625
7673736541,41917
7676722541,109292
7678250875,326416
7678880291,284209
7679184458,331792
7679554333,287542
7680130791,244209
7680395666,208834
7680628458,255000
7680931833,217417
7681476833,187292
7683497416,201209
7684089916,249417
7684806500,217666
7685283750,203083
7685785625,71125
7686145708,49417
7689262666,31000
7689441375,13291
7689466958,211833
7689696750,172916
7690119000,163916
7690502583,181958
7690701250,191166
7690923916,198584
7691141458,162333
7691323083,280208
7692074125,180791
7692276000,188291
7692702541,274459
7693263041,203584
7693483708,184292
7694359166,189875
7694789041,337167
7695144416,167667
7695572541,232709
7695826041,183292
7696098250,193916
7696637500,176541
7697631083,78875
7698045500,180833
7701885791,34917
7701943750,131500
7702093208,14875
7702121708,331083
7702489125,224791
7702961000,201666
7703691208,223792
7703937375,294833
7704743875,286291
7705910250,253291
7706497458,249542
7707793250,181750
7707997708,213083
7709204875,289625
7709517958,354708
7709920291,302625
7710252625,355250
7710628666,228667
7710886333,271667
7711182708,83292
7714796750,35208
7714861000,119041
7716833291,205334
7717557083,225000
7718892916,219834
7719426958,274250
7719940708,249083
7720217958,266167
7720504666,259792
7720786291,185667
7721254875,209916
7722252541,213084
7722491416,344250
7723122666,238959
7723605125,239708
7724228916,48042
7727704833,38792
7727776166,119459
7727913125,11583
7730664875,685583
7731973125,255583
7732250125,287541
7733309458,274667
7734173708,191542
7734387666,274417
7734925375,264541
7735212208,289000
7735526166,271625
7735817000,278541
7736142333,192042
7737127875,111458
7737530708,51083
7741020416,29084
7741075375,130916
7741234375,12041
7742499791,245834
7743015583,340083
7743394958,311625
7744930166,255375
7745472541,351667
7746365125,258541
7746645291,262167
7746928875,193125
7747391541,377875
7747788833,280333
7748369541,326375
7749009083,217625
7749250875,328916
7749603708,283250
7750761708,386875
7751174833,302167
7751502916,78375
7754694958,224917
7754939916,226167
7755412333,571833
7756289041,223084
7756811208,267583
7757930250,183083
7758698375,267833
7759336666,246959
7759846291,230375
7760390125,214083
7760625291,194084
7760840416,215042
7761075375,203500
7761550541,175375
7763055916,236542
7763710750,217500
7763948250,59000
7767651083,33708
7767838708,12125
7767866500,449500
7770059125,345083
7770713666,264959
7771776125,330333
7772169083,565792
7773864833,269417
7774928000,287125
7775491208,349042
7776125416,314959
7777747416,97334
7778138958,55083
7781403416,126917
7782111791,199750
7782922791,203917
7784779958,246833
7785915625,186541
7787785083,220333
7788026625,189833
7788498541,351250
7788882541,293792
7789203833,212292
7789457000,206958
7790223875,82125
7790599291,45542
7793711291,47250
7793787625,116291
7793951291,236334
7794210875,183208
7794415958,281458
7795552166,216250
7796772500,206291
7797551791,866084
7798476250,276416
7798776166,187750
7799525875,218166
7799768041,323667
7800981541,362625
7801369500,263250
7801661916,384250
7802113750,474250
7803966208,108917
7804100375,225333
7807683125,27625
7807732666,97667
7807872375,216583
7808118958,382542
7808566458,578875
7811017125,259291
7811298125,267208
7811609500,246666
7811895916,239542
7812159666,260834
7812721583,280958
7813688375,191583
7814170916,286917
7814489791,289209
7815384208,286250
7817110541,259084
7817986208,102958
7818384166,65000
7822376083,113875
7822778791,230292
7823241416,292917
7823560583,352875
7823941125,318416
7824598125,362500
7825499000,276041
7825796291,279209
7826384166,336459
7826756166,371834
7827159166,272459
7828221208,281542
7829081125,203291
7829312250,289791
7830123125,545000
7830690000,182125
7830894541,262209
7831176833,270708
7831471500,271291
7832077625,239958
7832370125,109958
7832497166,292125
7832806208,51292
7836235916,27334
7836404458,10333
7836918416,191084
7837702166,242375
7838476916,368000
7839277625,254333
7839555666,231667
7840099375,251791
7840640166,385792
7841050666,256375
7842106166,229584
7842672208,188250
7843186750,234166
7843443958,264583
7845196666,254459
7845472166,77459
7845823791,43917
7849300208,98417
7849416125,11958
7849934875,346791
7850663541,279792
7851592125,283416
7852195875,218000
7852433916,212334
7852676375,206791
7853523208,248042
7854298041,223709
7854764500,259958
7855794291,318459
7856402416,228209
7857140666,220584
7857380208,255417
7857656000,278708
7858196041,255084
7858473708,87042
7858844708,54292
7862268333,39083
7862787166,249959
7863060666,192084
7864000000,353083
7864636333,283500
7864944166,286500
7865252875,283458
7866090208,211125
7868061791,206209
7869062541,236209
7869653791,188500
7871228416,81959
7871554583,46792
7874380916,25042
7874429041,108625
7874819625,180708
7875018958,176042
7875212375,169500
7875402291,189667
7875610125,865958
7876529500,213458
7876765041,185917
7877474416,249459
7877971500,212708
7878700083,194833
7879326125,172041
7879515750,203416
7879739541,211500
7880212291,186084
7880419083,205417
7880647750,189916
7881451541,196292
7881901041,186042
7882107791,226459
7882812625,135250
7883227375,50875
7886055208,54583
7886147833,147917
7886310916,12250
7886575750,189708
7887948666,209334
7888391916,220084
7889083208,230458
7890488708,184792
7892072666,258834
7892613250,205333
7893385625,202333
7893680541,179250
7894138458,175500
7894761625,74458
7895505916,41000
7898525833,24417
7898576958,99583
7898715125,201000
7898934083,179875
7899345750,184791
7899758125,167208
7899942208,178583
7900194541,198834
7900414875,187416
7901016833,178792
7901958375,420458
7902664000,205541
7902889458,208417
7903610250,209666
7903840916,195667
7904278166,168292
7904482125,214291
7904974291,187000
7906063458,189375
7907082416,86667
7907478666,181459
7907824083,44583
7910973083,36583
7911032708,124500
7911197625,321750
7911552125,219958
7912361083,303500
7913268000,226166
7913751666,231709
7914005916,221875
7914248500,235958
7914798875,292708
7915140208,374792
7915533625,303875
7915857250,280541
7916889250,191708
7917102958,403000
7917792666,246459
7918074291,239834
7918354583,236250
7920466583,98583
7923952000,23458
7923992291,96375
7924589333,164875
7924969458,199667
7925687250,185666
7925892375,294916
7926719541,210209
7927622416,219959
7928250958,185875
7928455000,177791
7928652625,204000
7928874916,175125
7929068541,176959
7929263416,169250
7929709083,170292
7930431291,178959
7930870916,170459
7931115500,194958
7932193625,80541
7932933250,40958
7936013541,33792
7936072750,120166
7936231958,207750
7936457500,171708
7936850791,167459
7938087833,238417
7938348291,217042
7938581916,214084
7938812875,219083
7939052750,152125
7939227166,220709
7940236791,158250
7941755375,170791
7941976416,171417
7942254541,162917
7942928750,174416
7943371541,177584
7944158958,184833
7944478500,75375
7945240208,47417
7948051416,144292
7948210791,12709
7948650916,173292
7948842333,174292
7949256541,170334
7950198166,189709
7950650166,238084
7951397250,196750
7953420583,204708
7953642541,195917
7954082875,209166
7954522875,204250
7954744750,179958
7954943458,180458
7955241958,189792
7956163041,171209
7956785041,77750
7957570333,43333
7960746083,29375
7960939833,12583
7961194583,186792
7961986291,174209
7962397000,205708
7963077583,203208
7963298291,283750
7964444208,192958
7964852333,160542
7965240625,168250
7965426041,176667
7965619791,165250
7966034708,199625
7967259708,187625
7967534833,196417
7968440416,192709
7969083291,83459
7969486000,179666
7972360833,22417
7972401291,100917
7972518083,13417
7972800125,183916
7973002500,172625
7973592958,163333
7973773208,160083
7975226458,194542
7975864000,401333
7976300916,282500
7976904250,189208
7979974625,174875
7980316708,172208
7980761125,165458
7981394458,77458
7981776541,185709
7982136500,46000
7984913041,29417
7984963291,147125
7985125250,15666
7985388666,186292
7985793041,167875
7985978166,196375
7986195875,166500
7986379208,167458
7987535416,186000
7987741750,175333
7987937250,173333
7988999291,287709
7991494541,179792
7992713541,216167
7993475291,274125
7993816750,92125
7994161375,193875
7997250750,22083
7997291000,153208
7997463791,15750
7997495958,202042
7997924916,179084
7998123083,170583
7998712041,160792
8000696916,274334
8001003125,296291
8001928541,325459
8002823791,230709
8003640166,180000
8004493500,185833
8005108291,165709
8005482291,202084
8005766875,184250
8006091916,89167
8006444375,192541
8006834583,48583
8010693750,256041
8011804916,267209
8012594416,229959
8012842041,308750
8013180500,388916
8013601625,247791
8014599958,223417
8015129833,314333
8016356916,268750
8016645958,235083
8017153375,231833
8017626875,224583
8018388416,277834
8019004958,349000
8019396875,118791
8019535625,221416
8019776083,99542
8023453250,17166
8023483041,212000
8023921833,301208
8025124916,411250
8026328000,333583
8027218666,191959
8027434875,368583
8028316375,248416
8029214625,225750
8029696541,258709
8030197875,490583
8030843541,321375
8031442666,523542
8032103125,434583
8032566125,211541
8032798708,247875
8033070541,433250
8033774291,111625
8037204250,29333
8037255708,101917
8037372208,11000
8037633958,304750
8038493375,323083
8038872708,208292
8039101125,177416
8039297791,267959
8040187333,216083
8040683791,231959
8040942458,240833
8041824958,336458
8043025333,439250
8043496791,227917
8044147708,386458
8045369458,362083
8045760125,271458
8046052166,244459
8046321625,225458
8046834083,264042
8047122000,88875
8047862583,52000
8051185750,35750
8051245916,110792
8051373791,12167
8051398458,326458
8051979250,303208
8052307083,216958
8052868875,183250
8053647416,177459
8053852208,290417
8054984583,234292
8055242625,313208
8055585000,288416
8056935125,263583
8057736416,338750
8058101333,264083
8058391166,284834
8059283375,222583
8059546666,341334
8060232958,367250
8060625875,314583
8060968875,227333
8061246083,479042
8061759500,87375
8064827500,125083
8065488000,219291
8065729125,284958
8066076166,355167
8067313583,203167
8067538000,305458
8068395083,367375
8068803166,337042
8069408583,639667
8070075625,266500
8070850708,267750
8071728541,194584
8072170666,421625
8073462291,270334
8073764500,214250
8074000416,212459
8074231916,238292
8074723833,155250
8075161125,49958
8078860125,32083
8079073666,207334
8079494416,341459
8080209000,441833
8081335833,277625
8082870875,243875
8083140208,297792
8083470958,202000
8083694125,297083
8084016041,270209
8084623833,292333
8084943583,418417
8086000166,338209
8086367333,282542
8086677166,236750
8087169833,224292
8087420833,312417
8087763708,412042
8088222291,407917
8088770166,464459
8089259916,261042
8089543250,305791
8089871250,100750
8090267583,60917
8093958916,31667
8094018958,110625
8094146416,16042
8094396916,173625
8094802166,403167
8095614916,247709
8095883125,296208
8096201666,271709
8097701333,224792
8098293583,260458
8099658583,283083
8100191625,212291
8100425375,305083
8100755583,405375
8101193333,276083
8102607125,326041
8102994500,436625
8103508541,387959
8103933166,284375
8104239125,93083
8104348500,231041
8104594416,52417
8107694666,26375
8107742916,97584
8107857666,15417
8107885625,207666
8108114208,173417
8108309333,170958
8108500041,183709
8108711333,277958
8109043625,281833
8109636333,271417
8109935625,412708
8110386500,333375
8110745166,339584
8111129375,308833
8111785458,294875
8112759041,290500
8113071375,366625
8114217666,235084
8114471500,208708
8116371500,227750
8116621708,231333
8117121791,462875
8117620458,310333
8121556833,31417
8121614625,140208
8121771583,10542
8123872541,387667
8124287375,350166
8124669041,261084
8124948916,230334
8125198208,224167
8125442666,318584
8126327250,359250
8127001083,382500
8127704125,429625
8128692125,221208
8129154750,276500
8129454583,236333
8130261541,265417
8130986208,221167
8131228666,201959
8131449000,190916
8131683750,255750
8131971666,44209
8135069750,35125
8135128791,136000
8135309125,258916
8136189125,552083
8137489750,181875
8137747166,556334
8138917291,199084
8139147875,233083
8139442541,219209
8139997833,230208
8141972041,202917
8142435166,235167
8143211250,346750
8143841625,302250
8144187625,302666
8144510416,348417
8144893416,320834
8145244041,94875
8145705041,63334
8148972083,30583
8149204291,386667
8149628541,203334
8149855333,282833
8150179041,256959
8150461875,293416
8151245708,390250
8151754166,484875
8152267041,311959
8152892833,253542
8153173833,329000
8153542208,304500
8154451208,319542
8156373250,261916
8156656708,244292
8158820541,84709
8158921958,218250
8163663291,131917
8164172250,252041
8164471708,231792
8166301791,281959
8167310333,184458
8167857666,278292
8168200791,396167
8168674791,335875
8169050916,316334
8169401875,330791
8169763208,395458
8170183541,438292
8172061708,296042
8172382500,257916
8173962000,91791
8174325416,66417
8178191166,28917
8178238500,113833
8178394916,303584
8179004541,214209
8179490958,261208
8180065375,241000
8181692250,249541
8183171666,192459
8184774250,361416
8185167708,367500
8185561500,378458
8186456083,381958
8186864041,319625
8187224041,233417
8187805500,272333
8188102625,98541
8188505583,73917
8191534250,34375
8191595291,150792
8191764625,12416
8191794125,214958
8194401041,262959
8195537125,323916
8196682375,205916
8197149000,218041
8197386958,259167
8199106375,263541
8199393000,361291
8199772833,192792
8200862291,232667
8201111625,57541
8204184166,107875
8204564875,309416
8205109208,187417
8205321666,340792
8205979750,262916
8207960416,216292
8208840333,304208
8209187083,309292
8210568916,241042
8210857041,286375
8213544000,85541
8213884625,56958
8216900416,45334
8216969958,122875
8217644041,290917
8217966708,291792
8218284083,258708
8218561958,270792
8219930541,250334
8220478000,208666
8221190166,283834
8221540500,305416
8223080833,218417
8223319875,329166
8223875875,170166
8224553166,230084
8224802833,174667
8225222625,165541
8225408916,275584
8225713500,107208
8225838500,200916
8226057458,50417
8229218875,34791
8229396083,30792
8229476041,247834
8229967958,186167
8230174875,458625
8230672708,282917
8233099250,245791
8233365375,292166
8234112916,307042
8235253750,282708
8235565750,302041
8236141333,258583
8236938166,227000
8237431791,265834
8238460916,203084
8239090583,48542
8242544875,10000
8243062666,279459
8243374750,308083
8243710125,428791
8244449833,221375
8245274583,264458
8245819750,223791
8246909875,373958
8247784708,637833
8248477416,283959
8249759166,256459
8250035625,189333
8250256125,460583
8250815125,313791
8251163416,319250
8252041208,256917
8252334666,268209
8252632083,97500
8252749083,227167
8255922750,29500
8255972541,135875
8256129958,31083
8256175125,283125
8256478166,362709
8257226708,362708
8257648750,677083
8259185666,227084
8259762750,274791
8260336375,228541
8260596166,233709
8261788000,360916
8263106625,240041
8263606333,275083
8264704625,260208
8264983750,306791
8265827708,244333
8266091083,292417
8266402125,79958
8269646875,30666
8269701500,99250
8269817333,13042
8269843541,187542
8270051166,171084
8270427958,342042
8270815916,329042
8271481750,279166
8271784416,289542
8272678458,302708
8273611333,198250
8273832625,368541
8274227208,285417
8274758083,189500
8274970500,216041
8275207375,417875
8275674333,263292
8275963166,222792
8277807625,267458
8278406666,306292
8278745083,319000
8279090750,260666
8283030416,58334
8283116958,143083
8283278208,22458
8283314500,247583
8283813333,193708
8284288958,283667
8284591791,263334
8284877375,272041
8285171458,244083
8285721500,327750
8286093708,382667
8286601583,299083
8287728958,254792
8288458375,236708
8288980125,212416
8289481041,247625
8290239541,193709
8290703916,232334
8291515416,226042
8292268583,120042
8292631875,55958
8296055791,33834
8296258041,12917
8297011958,528917
8298661958,247708
8298954375,290250
8299569000,200791
8299787833,197583
8300278291,266334
8301057041,215209
8301825208,253167
8302109708,300625
8302672458,443625
8305868791,54709
8308913375,30416
8308966208,145917
8309130791,15667
8310127583,286458
8310944916,326042
8311301458,371833
8312029916,317292
8315261833,315208
8316055208,180917
8316253500,406291
8317257041,237959
8318013291,120834
8318380333,48208
8322080541,199417
8322302958,171042
8323218666,268459
8323510833,273083
8324103041,287667
8324436166,314584
8325299750,224916
8325820916,206292
8326590041,359917
8328081875,264916
8328667666,299917
8328998458,294958
8329842875,277041
8330147125,295583
8330466333,294292
8331626500,103500
8332002458,66917
8335518375,116166
8335650666,19125
8335682958,235458
8335938375,232666
8336537791,309417
8338721250,251208
8338996458,244833
8339827666,427917
8341869833,547500
8342752666,214959
8343809416,280459
8344116291,218959
8345013000,321958
8345361583,103583
8345482708,339292
8349024625,30208
8349092416,139209
8349250208,14333
8350876666,222000
8351681208,271792
8352509750,240583
8353020333,460500
8353503541,376625
8355793625,195291
8356009541,286042
8356823125,253166
8357098041,266625
8357384666,194042
8357604083,539708
8358181375,234458
8358710791,104000
8358834083,258292
8359108375,53791
8362355291,31334
8362411833,96292
8362524625,11750
8362548666,317417
8362894916,377625
8363296583,189542
8363506458,329292
8363876875,285791
8365240625,264666
8366580458,247292
8368206000,259541
8368982125,394916
8369668541,367917
8370063250,211166
8370295291,315250
8370946833,235833
8371203083,231958
8371453666,226917
